farm_id,soil_moisture,temperature,humidity,rain_forecast,crop_type,growth_stage,soil_type,land_size,crop_type_encoded,growth_stage_encoded,soil_type_encoded,predicted_water_demand,priority_score,sufficient_water_threshold,water_applied,remaining_water_need
5,0.65,31.0,80,1,sugarcane,grain_filling,silt,30,27,1,3,489.66726731419743,198.76690692567897,293.80036038851847,323.20017745303466,166.46708986116278
4,0.55,29.0,75,0,banana,harvest,loam,25,1,2,1,338.9051372274809,138.33205489099237,203.34308233648855,151.3940841138892,187.51105311359171
1,0.45,28.0,65,0,rice,vegetative,loam,10,24,5,1,270.6967443389256,109.54869773557026,162.41804660335535,93.87465655175015,176.82208778717546
2,0.5,30.0,70,1,cotton,flowering,sandy,15,11,0,2,231.91650262663916,94.08660105065564,139.14990157598348,66.05630121358371,165.86020141305545
3,0.6,27.5,60,1,maize,maturity,clay,20,15,3,0,183.87313086410217,75.40925234564087,110.3238785184613,44.35536954418818,139.51776131991397
